id;nome;descricao;periodo;criado
1;Goiás Alameda Rodovia;../fake-data/blob/hipster.txt;2021-05-31;2021-05-31T18:19:01
2;calculating;../fake-data/blob/hipster.txt;2021-05-31;2021-06-01T10:29:21
3;Granito;../fake-data/blob/hipster.txt;2021-06-01;2021-05-31T14:27:38
4;Directives;../fake-data/blob/hipster.txt;2021-06-01;2021-06-01T10:11:36
5;convergence Operations;../fake-data/blob/hipster.txt;2021-06-01;2021-05-31T17:19:51
6;Macio;../fake-data/blob/hipster.txt;2021-05-31;2021-05-31T18:21:43
7;Distrito scalable Open-source;../fake-data/blob/hipster.txt;2021-05-31;2021-06-01T01:06:02
8;leading Algodão withdrawal;../fake-data/blob/hipster.txt;2021-06-01;2021-06-01T01:24:23
9;neutral;../fake-data/blob/hipster.txt;2021-05-31;2021-05-31T11:59:40
10;Impressionante Toalhas auxiliary;../fake-data/blob/hipster.txt;2021-06-01;2021-05-31T16:37:11
